categoria1,n,media,participacao,participacao_nota_4,pico_mensal
Esporte,190515,4.121,0.293,0.622,4.319
"Economia, negócios e finanças",186736,4.207,0.288,0.439,4.296
Política,75914,3.765,0.117,0.324,3.968
"Crime, lei e justiça",39916,3.077,0.061,0.235,3.591
"Artes, cultura, entretenimento e mídia",36219,4.53,0.056,0.529,4.702
Estilo de vida e lazer,19968,4.556,0.031,0.5,4.667
Saúde,15377,3.711,0.024,0.315,4.246
Ciência e tecnologia,14643,4.371,0.023,0.531,4.472
Interesse humano,14095,4.147,0.022,0.647,4.266
Meio ambiente,12028,4.141,0.019,0.227,4.382
"Desastres, acidentes e emergências",11683,3.204,0.018,0.322,3.76
Educação,6232,4.452,0.01,0.41,4.799
Sociedade,5833,4.026,0.009,0.649,4.121
"Conflito, guerra e paz",5793,3.4,0.009,0.272,3.993
Religião e crença,5367,4.421,0.008,0.519,4.603
Trabalho,5102,3.976,0.008,0.52,4.233
Meteorologia,4017,3.907,0.006,0.868,4.045
Outros,8,4.5,0.0,0.375,5.5
